section,method_label,outcome_label,n,estimate,ci_lower,ci_upper,p_value,scale
Speed,PS-NN,Overall speed,782,2.9986546485814127,0.3435461161323312,5.653763181030494,0.026858722548332183,mean_difference
Speed,PS-NN,Speed in lesions <50 mm,372,-0.9349711573312782,-3.776483654094356,1.9065413394317994,0.518987798383791,mean_difference
Speed,PS-NN,Speed in lesions ≥50 mm,410,6.183903932968893,1.6216034050514718,10.746204460886315,0.007893193830482459,mean_difference
Speed,PS-NN,Interaction with lesions ≥50 mm,782,5.846215478316811,0.5285756739122203,11.163855282721402,0.031178643481826238,interaction_difference
Speed,OW + DR,Overall speed,1916,0.8828561333137263,-1.3437445834893937,3.109456850116846,0.4370799538295578,mean_difference
Secondary outcomes,OW + DR,R0 resection,1906,1.021671257724381,0.9459760916919522,1.1034234036435095,0.585143360946673,risk_ratio
Secondary outcomes,OW + DR,Intraprocedural perforation,1935,1.0707920669382687,0.4261260745737311,2.690742761434887,0.884322605150419,risk_ratio
Secondary outcomes,OW + DR,Delayed bleeding,1935,0.8322630465567367,0.4560552011238258,1.5188112688047881,0.5496793004493037,risk_ratio
