section,method_label,outcome_label,n,estimate,ci_lower,ci_upper,p_value,scale
Speed,PS-NN,Overall speed,714,2.8085419102901614,0.49408271775179147,5.123001102828532,0.017389353436834558,mean_difference
Speed,PS-NN,Speed in lesions ≥50 mm,354,5.834676135791511,2.0894948684665535,9.579857403116469,0.0022622010697153326,mean_difference
Speed,PS-NN,Interaction with lesions ≥50 mm,714,7.153426207883003,2.493246895248644,11.813605520517362,0.0026248365254692187,interaction_difference
Speed,OW + DR,Overall speed,1081,1.455574850985387,-0.7921883150077806,3.7033380169785546,0.20436763531341118,mean_difference
Secondary outcomes,OW + DR,R0 resection,1062,1.0236091441238668,0.9488348733452877,1.1042761068002,0.5465563308974626,risk_ratio
Secondary outcomes,OW + DR,Intraprocedural perforation,1086,0.9842558057645688,0.39093908095728996,2.4780318427338237,0.9731274398125417,risk_ratio
Secondary outcomes,OW + DR,Delayed bleeding,1086,0.6924570976958954,0.3725818052704288,1.2869571872984849,0.24516415846758544,risk_ratio
