method_label,outcome,n,max_abs_smd,term,scale,estimate,ci_lower,ci_upper,p_value,n_match_groups
OW + DR,r0,1062,0.003423505970859608,atract,risk_ratio,1.0236091441238668,0.9488348733452877,1.1042761068002,0.5465563308974626,
PS-NN,r0,704,0.07591636042807434,atract,risk_ratio,1.0109021767842559,0.9523507876015878,1.0730533584171977,0.7216963475853655,352.0
OW + DR,perforation,1086,0.000181473725542236,atract,risk_ratio,0.9842558057645688,0.39093908095728996,2.4780318427338237,0.9731274398125417,
PS-NN,perforation,716,0.06681531047810607,atract,risk_ratio,1.0018452413796894,0.48683281539563666,2.061680839775461,0.9960051944454754,358.0
OW + DR,delayed_bleeding,1086,0.000181473725542236,atract,risk_ratio,0.6924570976958954,0.3725818052704288,1.2869571872984849,0.24516415846758544,
PS-NN,delayed_bleeding,716,0.06681531047810607,atract,risk_ratio,0.5643223966232865,0.32874191430235017,0.9687227380374637,0.037965710962302175,358.0
