method,analysis,outcome,n,term,scale,estimate,ci_lower,ci_upper,p_value
ow_dr,overall,r0,1906,atract,risk_ratio,1.021671257724381,0.9459760916919522,1.1034234036435095,0.585143360946673
ow_dr,overall,perforation,1935,atract,risk_ratio,1.0707920669382687,0.4261260745737311,2.690742761434887,0.884322605150419
ow_dr,overall,delayed_bleeding,1935,atract,risk_ratio,0.8322630465567367,0.4560552011238258,1.5188112688047881,0.5496793004493037
