method,analysis,outcome,n,term,scale,estimate,ci_lower,ci_upper,p_value
ow_dr,overall,r0,1062,atract,risk_ratio,1.0236091441238668,0.9488348733452877,1.1042761068002,0.5465563308974626
ow_dr,overall,perforation,1086,atract,risk_ratio,0.9842558057645688,0.39093908095728996,2.4780318427338237,0.9731274398125417
ow_dr,overall,delayed_bleeding,1086,atract,risk_ratio,0.6924570976958954,0.3725818052704288,1.2869571872984849,0.24516415846758544
