method,analysis,outcome,n,term,scale,estimate,ci_lower,ci_upper,p_value,method_label,max_abs_smd,weight_max,n_match_groups
ps_nn,overall,speed_mm2_min,782,atract,mean_difference,2.9986546485814127,0.3435461161323312,5.653763181030494,0.026858722548332183,PS-NN,0.09279768379871821,,391.0
ow_dr,overall,speed_mm2_min,1916,atract,mean_difference,0.8828561333137263,-1.3437445834893937,3.109456850116846,0.4370799538295578,OW + DR,0.0001253799360070842,0.9943724952659678,
